Packages,Project,Current Version,Latest Version,Integrity,Requires,Dependencies,hasDependencies
@angular/animations,intern-angular,4.2.6,14.2.9,sha1-nZyAoRmwwDaTy9I7uvcosVMf/8c=,,,False
@angular/common,intern-angular,4.2.6,14.2.9,sha1-IQrOS9JON1+LQbpS/rNLGKiH1do=,,,False
@angular/compiler,intern-angular,4.2.6,14.2.9,sha1-ZndW1JXKDUXSBhJooQ1Sr4Ofr/Q=,,,False
@angular/core,intern-angular,4.2.6,14.2.9,sha1-DByP8BV/B29KfAtyHKFCPxu+Fk4=,,,False
@angular/forms,intern-angular,4.2.6,14.2.9,sha1-nTI5lgjkYDu/GXQXqluU6ApGfrA=,,,False
@angular/http,intern-angular,4.2.6,7.2.16,sha1-SZ4roLvB89cbdt6+wDTJWMrxE04=,,,False
@angular/platform-browser,intern-angular,4.2.6,14.2.9,sha1-oTH/WSIl/mSWvKLJr/YSpNvd9Dc=,,,False
@angular/platform-browser-dynamic,intern-angular,4.2.6,14.2.9,sha1-TmyK0s1c/BeIBBf3fyo0E895HCY=,,,False
@angular/router,intern-angular,4.2.6,14.2.9,sha1-ppGdm2HEX/wV++5ZM5jj/VMtq0Y=,,,False
@dojo/core,intern-angular,2.0.0-beta2.2,2.0.0,sha1-KVQNJLTZWcH8y547NFy4gjqrNoU=,,,False
@dojo/has,intern-angular,2.0.0-beta2.2,2.0.0,sha1-zVQ35NFnZPOOUrnFYfjYeFgSScM=,,,False
@dojo/interfaces,intern-angular,2.0.0-beta2.2,0.2.1,sha1-sIb0tKpLTvehKuBIw0lpvoW3HQM=,,,False
@dojo/shim,intern-angular,2.0.0-beta2.2,2.0.0,sha1-JDDrAQyiCxVVWUu0HiQ2QILtNz8=,,,False
@theintern/dev,intern-angular,0.4.3,0.11.2,sha512-1mQcMcZdUFHs/JJx6NbkMcmk0aazHbzEt3TvHbERHm5rUr0tWC8HlRD/n1QB7pfySBE40mjTQWp90BDUuTNy9A==,,"['ansi-styles: 3.1.0', 'chalk: 2.0.1', 'commander: 2.11.0', 'has-flag: 2.0.0', 'supports-color: 4.2.0', 'tslint: 5.5.0', 'typescript: 2.4.1']",True
@theintern/digdug,intern-angular,2.0.0-beta.7,2.6.2,sha512-yjFAV6+14HWCEvfAwwsBxoRc2NRrTsxT46dvAgTyGDuE1V9n2Ny6LzuXWaXqjWSM+iZqPytEp6N4uupO7UpdaQ==,,,False
@theintern/leadfoot,intern-angular,2.0.0-beta.10,2.4.1,sha512-uTmCxCL1gMTlIBJxH9QpqVsbjS74cVlFriMnXS601qU3efFLYEit5iy+NeKEjlBjl2xXGXUlege/fGb6ffIY3w==,,,False
@types/benchmark,intern-angular,1.0.30,2.1.2,sha1-9r6gus6xeBVZaLmYT5RUb2NndZI=,,,False
@types/chai,intern-angular,4.0.1,4.3.4,sha512-DWrdkraJO+KvBB7+Jc6AuDd2+fwV6Z9iK8cqEEoYpcurYrH7GiUZmwjFuQIIWj5HhFz6NsSxdN72YMIHT7Fy2Q==,,,False
@types/charm,intern-angular,1.0.0,1.0.3,sha1-kQY0TGLywDuvpIP+R3HQ6RJ+uXc=,,,False
@types/diff,intern-angular,3.2.0,5.0.2,sha1-LPAZqYtMygchAstIr1Z1UCtagx8=,,,False
@types/lodash,intern-angular,4.14.68,4.14.188,sha512-tndmbhJc7EeymtvgcZ0oX2H0P95VcT1FlAoeki3bl71DqL9zA/tbJcMZyR1kJkHDvr+57I7+gsn+BVPHIqgcbQ==,,,False
@types/mime-types,intern-angular,2.1.0,2.1.1,sha1-nKUs2jY/aZxpRmwqbM2q2RPqenM=,,,False
@types/node,intern-angular,8.0.10,18.11.9,sha512-ATKQAMGah+e3qNBVdJoCIJk3+RWBkPYtmlluGewO1+t/JmkXEoLnt/WDgHynfGvJyQWTKMq+N1az1E/5YASYGg==,,,False
@types/platform,intern-angular,1.3.0,1.3.4,sha1-PaM3vK4qDQ23dEOmeK8xKCkcz94=,,,False
@types/sinon,intern-angular,2.3.2,10.0.13,sha512-92DKsC/9bnsfyBLdY5AP8Zk7LDbwVF0hBHsfQ3IY3kHXEo3NdJA57090wGmzcnITxupyvR3lXk278tPktM6OJw==,,,False
@types/sinon-chai,intern-angular,2.7.28,3.2.9,sha512-qh9K/XtXzdHWiUqvFFjw3jQ5ZNrw0wzHaCWTcgBfSn7KwbjZHywinAdinSpUXeHBv+4cojk/9WSrPwVPYiITTA==,,,False
@types/source-map,intern-angular,0.1.29,0.5.7,sha1-1wSKYBgLCfiqbVO9oxHGtRy9cBg=,,,False
@types/systemjs,intern-angular,0.20.2,6.1.1,sha1-UsUomig0eBZgvGbnlrrG4Ft7BIo=,,,False
@types/ws,intern-angular,0.0.42,8.5.3,sha512-+30f9gcx24GZRD9EqqiQM+I5pRf/MJiJoEqp2X62QRwfEjdqyn9mPmjxZAEXBUVunWotE5qkadIPqf2MMcDYNw==,,,False
abbrev,intern-angular,1.1.0,2.0.0,sha1-0FVMIlZjbi9W58LlrRg/hZQo2B8=,,,False
accepts,intern-angular,1.3.3,1.3.8,sha1-w8p0NJOGSMPg2cHjKN1otiLChMo=,,,False
after,intern-angular,0.8.1,0.8.2,sha1-q11PuIP1loFtNRX495HAr0ht1ic=,,,False
align-text,intern-angular,0.1.4,1.0.2,sha1-DNkKVhCT810KmSVsIrcGlDP60Rc=,,,False
amdefine,intern-angular,1.0.1,1.0.1,sha1-SlKCrBZHKek2Gbz9OtFR+BfOkfU=,,,False
ansi-regex,intern-angular,2.1.1,6.0.1,sha1-w7M6te42DYbg5ijwRorn7yfWVN8=,,,False
ansi-styles,intern-angular,1.1.0,6.2.1,sha1-6uy/Zs1waIJ2Cy9GkVgrj1XXp94=,,,False
anymatch,intern-angular,1.3.0,3.1.2,sha1-o+Uvo5FoyCX/V7AkgSbOWo/5VQc=,,,False
append-transform,intern-angular,0.4.0,2.0.0,sha1-126/jKlNJ24keja61EpLdKthGZE=,,,False
arr-diff,intern-angular,2.0.0,4.0.0,sha1-jzuCf5Vai9ZpaX5KQlasPOrjVs8=,,,False
arr-flatten,intern-angular,1.1.0,1.1.0,sha512-L3hKV5R/p5o81R7O02IGnwpDmkp6E982XhtbuwSe3O4qOtMMMtodicASA1Cny2U+aCXcNpml+m4dPsvsJ3jatg==,,,False
array-filter,intern-angular,0.0.1,1.0.0,sha1-fajPLiZijtcygDWB/SH2fKzS7uw=,,,False
array-map,intern-angular,0.0.0,0.0.1,sha1-iKK6tz0c97zVwbEYoAP2b2ZfpmI=,,,False
array-reduce,intern-angular,0.0.0,0.0.0,sha1-FziZ0//Rx9k4PkR5Ul2+J4yrXys=,,,False
array-unique,intern-angular,0.2.1,0.3.2,sha1-odl8yvy8JiXMcPrc6zalDFiwGlM=,,,False
arraybuffer.slice,intern-angular,0.0.6,0.0.7,sha1-8zshWfBTKj8xB6JywMz70a0peco=,,,False
arrify,intern-angular,1.0.1,3.0.0,sha1-iYUI2iIm84DfkEcoRWhJwVAaSw0=,,,False
asn1,intern-angular,0.2.3,0.2.6,sha1-2sh4dxPJlmhJ/IGAd36+nB3fO4Y=,,,False
assert-plus,intern-angular,0.2.0,1.0.0,sha1-104bh+ev/A24qttwIfP+SBAasjQ=,,,False
assertion-error,intern-angular,1.0.2,2.0.0,sha1-E8pRXYYgbaC6xm6DTdOX2HWBCUw=,,,False
async,intern-angular,1.5.2,3.2.4,sha1-7GphrlZIDAw8skHJVhjiCJL5Zyo=,,,False
async-each,intern-angular,1.0.1,1.0.3,sha1-GdOGodntxufByF04iu28xW0zYC0=,,,False
async-each-series,intern-angular,0.1.1,1.1.0,sha1-dhfBkXQB/Yykooqtzj266Yr+tDI=,,,False
asynckit,intern-angular,0.4.0,0.4.0,sha1-x57Zf380y48robyXkLzDZkdLS3k=,,,False
aws-sign2,intern-angular,0.6.0,0.7.0,sha1-FDQt0428yU0OW4fXY81jYSwOeU8=,,,False
aws4,intern-angular,1.6.0,1.11.0,sha1-g+9cqGCysy5KDe7e6MdxudtXRx4=,,,False
babel-code-frame,intern-angular,6.22.0,6.26.0,sha1-AnYgvuVnqIwyVhV05/0IAdMxGOQ=,,"['ansi-styles: 2.2.1', 'chalk: 1.1.3', 'has-ansi: 2.0.0', 'supports-color: 2.0.0']",True
babel-generator,intern-angular,6.25.0,6.26.1,sha1-M6GvcNXyiQrrRlpKd5PB32qeqfw=,['lodash: 4.17.4'],,True
babel-messages,intern-angular,6.23.0,6.23.0,sha1-8830cDhYA1sqKVHG7F7fbGLyYw4=,,,False
babel-runtime,intern-angular,6.23.0,6.26.0,sha1-CpSJ8UTecO+zzkMArM2zKeL8VDs=,,,False
babel-template,intern-angular,6.25.0,6.26.0,sha1-ZlJBFmt8KqTGGdceGSlpVSsQwHE=,,['lodash: 4.17.4'],True
babel-traverse,intern-angular,6.25.0,6.26.0,sha1-IldJfi/NGbie3BPEyROB+VEklvE=,,['lodash: 4.17.4'],True
babel-types,intern-angular,6.25.0,6.26.0,sha1-cK+ySNVmDl0Y+BHZHIMDtUE0oY4=,,['lodash: 4.17.4'],True
babylon,intern-angular,6.17.4,6.18.0,sha512-kChlV+0SXkjE0vUn9OZ7pBMWRFd8uq3mZe8x1K6jhuNcAFAtEnjchFAqB+dYEXKyd+JpT6eppRR78QAr5gTsUw==,,,False
backo2,intern-angular,1.0.2,1.0.2,sha1-MasayLEpNjRj41s+u2n038+6eUc=,,,False
balanced-match,intern-angular,1.0.0,2.0.0,sha1-ibTRmasr7kneFk6gK4nORi1xt2c=,,,False
base64-arraybuffer,intern-angular,0.1.5,1.0.2,sha1-c5JncZI7Whl0etZmqlzUv5xunOg=,,,False
base64-js,intern-angular,0.0.8,1.5.1,sha1-EQHpVE9KdrG8OybUUsqW16NeeXg=,,,False
base64id,intern-angular,0.1.0,2.0.0,sha1-As4P3u4M709ACA4ec+g08LG/zj8=,,,False
batch,intern-angular,0.5.3,0.6.1,sha1-PzQU84AyF0O/wQQvmoP/HVgk1GQ=,,,False
bcrypt-pbkdf,intern-angular,1.0.1,1.0.2,sha1-Y7xdy2EzG5K8Bf1SiVPDNGKgb40=,,,False
benchmark,intern-angular,2.1.4,2.1.4,sha1-CfPeMckWQl1JjMLuVloOvzwqVik=,,['lodash: 4.17.4'],True
better-assert,intern-angular,1.0.2,1.0.2,sha1-QIZrnhueC1W0gYlDEeaPr/rrxSI=,,,False
binary-extensions,intern-angular,1.8.0,2.2.0,sha1-SOyNFt9Dd+rl+liEaCSAr02Vx3Q=,,,False
bl,intern-angular,1.2.1,6.0.0,sha1-ysMo977kVzDUBLaSID/LWQ4XLV4=,,,False
blob,intern-angular,0.0.4,0.1.0,sha1-vPEwUspURj8w+fx+lbmkdjCpSSE=,,,False
bluebird,intern-angular,2.11.0,3.7.2,sha1-U0uQM8AiyVecVro7Plpcqvu2UOE=,,,False
boom,intern-angular,2.10.1,7.3.0,sha1-OciRjO/1eZ+D+UkqhI9iWt0Mdm8=,,,False
brace-expansion,intern-angular,1.1.8,2.0.1,sha1-wHshHHyVLsH479Uad+8NHTmQopI=,,,False
braces,intern-angular,1.8.5,3.0.2,sha1-uneWLhLf+WnWt2cR6RS3N4V79qc=,,,False
browser-sync,intern-angular,2.18.12,2.27.10,sha1-u6oKF6lh4rXwqOdg5pUCcYZmR3k=,,"['camelcase: 3.0.0', 'rx: 4.1.0', 'window-size: 0.2.0', 'yargs: 6.4.0']",True
browser-sync-client,intern-angular,2.5.1,2.27.10,sha1-7BrWmknC4tS2RbGLHAbCmz2a+Os=,,,False
browser-sync-ui,intern-angular,0.6.3,2.27.10,sha1-ZApTfBgGiTA9W+krxHa568RBwLw=,,,False
bs-recipes,intern-angular,1.3.4,1.3.4,sha1-DS1NSKcYyMBEdp/cT4lZLci2lYU=,,,False
buffer,intern-angular,3.6.0,6.0.3,sha1-pyyTb3e5a/UvX357RnGAYoVR3vs=,,,False
buffer-crc32,intern-angular,0.2.13,0.2.13,sha1-DTM+PwDqxQqhRUq9MO+MKl2ackI=,,,False
builtin-modules,intern-angular,1.1.1,3.3.0,sha1-Jw8HbFpywC9bZaR9+Uxf46J4iS8=,,,False
callsite,intern-angular,1.0.0,1.0.0,sha1-KAOY5dZkvXQDi28JBRU+borxvCA=,,,False
camelcase,intern-angular,2.1.1,7.0.0,sha1-fB0W1nmhu+WcoCys7PsBHiAfWh8=,,,False
caseless,intern-angular,0.11.0,0.12.0,sha1-cVuW6phBWTzDMGeSP17GDr2k99c=,,,False
center-align,intern-angular,0.1.3,1.0.1,sha1-qg0yYptu6XIgBBHL1EYckHvCt60=,,,False
chai,intern-angular,4.0.2,4.3.7,sha1-L3MnxN5vOF3XeHmZ4qsCaXoyuDs=,,,False
chalk,intern-angular,0.5.1,5.1.2,sha1-Zjs6ZItotV0EaQ1JFnqoN4WPIXQ=,,"['ansi-regex: 0.2.1', 'strip-ansi: 0.3.0', 'supports-color: 0.2.0']",True
charm,intern-angular,1.0.2,1.0.2,sha1-it02cVOm2aWBMxBSxAkJkdqZXjU=,,,False
check-error,intern-angular,1.0.2,1.0.2,sha1-V00xLt2Iu13YkS6Sht1sCu1KrII=,,,False
chokidar,intern-angular,1.7.0,3.5.3,sha1-eY5ol3gVHIB2tLNg5e3SjNortGg=,,,False
chokidar-cli,intern-angular,1.2.0,3.0.0,sha1-jn9YRCJzGCAYvhho5Twir2WiGUg=,,,False
cliui,intern-angular,3.2.0,8.0.1,sha1-EgYBU3qRbSmUD5NNo7SNWFo5IT0=,,,False
code-point-at,intern-angular,1.1.0,2.0.0,sha1-DQcLTQQ6W+ozovGkDi7bPZpMz3c=,,,False
color-convert,intern-angular,1.9.0,2.0.1,sha1-Gsz5fdc5uYO/mU1W/sj5WFNkG3o=,,,False
color-name,intern-angular,1.1.2,2.0.0,sha1-XIq3K2S9IhXWF66VWeuxSEdc+Y0=,,,False
colors,intern-angular,1.1.2,1.4.0,sha1-FopHAXVran9RoSzgyXv6KMCE7WM=,,,False
combined-stream,intern-angular,1.0.5,1.0.8,sha1-k4NwpXtKUd6ix3wV1cX9+JUWQAk=,,,False
commander,intern-angular,2.6.0,9.4.1,sha1-nfflL7Kgyw+4kFjugMMQQiXzfh0=,,,False
component-bind,intern-angular,1.0.0,1.0.0,sha1-AMYIq33Nk4l8AAllGx06jh5zu9E=,,,False
component-emitter,intern-angular,1.1.2,1.3.0,sha1-KWWU8nU9qmOZbSrwjRWpURbJrsM=,,,False
component-inherit,intern-angular,0.0.3,0.0.3,sha1-ZF/ErfWLcrZJ1crmUTVhnbJv8UM=,,,False
concat-map,intern-angular,0.0.1,0.0.2,sha1-2Klr13/Wjfd5OnMDajug1UBdR3s=,,,False
concurrently,intern-angular,3.5.0,7.5.0,sha1-jPG3cHppFqeKT/W3e7BN7FSzebI=,,['lodash: 4.17.4'],True
connect,intern-angular,3.5.0,3.7.0,sha1-s1dSWgtMH1BZnNmD4dnv7qlncZg=,,"['debug: 2.2.0', 'ms: 0.7.1']",True
connect-history-api-fallback,intern-angular,1.3.0,2.0.0,sha1-5R0X+PDvDbkKZP20feMFFVbp8Wk=,,,False
connect-logger,intern-angular,0.0.1,0.0.1,sha1-TZmZeKHSC7RgjnzUNNdBZSJVF0s=,,,False
cookie,intern-angular,0.3.1,0.5.0,sha1-5+Ch+e9DtMi6klxcWpboBtFoc7s=,,,False
core-js,intern-angular,2.4.1,3.26.0,sha1-TekR5mew6ukSTjQlS1OupvxhjT4=,,,False
core-util-is,intern-angular,1.0.2,1.0.3,sha1-tf1UIgqivFq1eqtxQMlAdUUDwac=,,,False
cpx,intern-angular,1.5.0,1.5.0,sha1-GFvgGFEdhycN7czCkxceN2VauI8=,,,False
cryptiles,intern-angular,2.0.5,4.1.3,sha1-O9/s3GCBR8HGcgL6KR59ylnqo7g=,,,False
dashdash,intern-angular,1.14.1,2.0.0,sha1-hTz6D3y+L+1d4gMmuN1YEDX24vA=,,['assert-plus: 1.0.0'],True
date-fns,intern-angular,1.28.5,2.29.3,sha1-JXz8RdMi30XvVlhmWWfuhBzXP68=,,,False
debug,intern-angular,2.6.8,4.3.4,sha1-5zFTHKLt4n0YgiJCfaF4IdaP9Pw=,,,False
decamelize,intern-angular,1.2.0,6.0.0,sha1-9lNNFRSCabIDUue+4m9QH5oZEpA=,,,False
decompress,intern-angular,4.2.0,4.2.1,sha1-eu3YVCflqS2s/lVnSnxQXpbQH50=,,,False
decompress-tar,intern-angular,4.1.0,4.1.1,sha1-HwkqtphEBVjHL8eOd9JG0+y0U7A=,,,False
decompress-tarbz2,intern-angular,4.1.0,4.1.1,sha1-+6tY1d5z8/0hPKw68cGDNPUcuJE=,,,False
decompress-targz,intern-angular,4.1.0,4.1.1,sha1-R1ucQGvmIa6DYnSALZsl+ZE+rVk=,,['file-type: 4.4.0'],True
decompress-unzip,intern-angular,4.0.1,4.0.1,sha1-3qrM39FK6vhVePczroIQ+bSEj2k=,,,False
deep-eql,intern-angular,2.0.2,4.1.2,sha1-sbrAblbwp2d3aG1Qyf63XC7XZ5o=,,['type-detect: 3.0.0'],True
default-require-extensions,intern-angular,1.0.0,3.0.1,sha1-836hXT4T/9m0N9M+GnW1+5eHTLg=,,,False
delayed-stream,intern-angular,1.0.0,1.0.0,sha1-3zrhmayt+31ECqrgsp4icrJOxhk=,,,False
depd,intern-angular,1.1.0,2.0.0,sha1-4b2Cxqq2ztlluXuIsX7T5SjKGMM=,,,False
destroy,intern-angular,1.0.4,1.2.0,sha1-l4hXRCxEdJ5CBmE+N5RiBYJqvYA=,,,False
detect-indent,intern-angular,4.0.0,7.0.1,sha1-920GQ1LN9Docts5hnE7jqUdd4gg=,,,False
dev-ip,intern-angular,1.0.1,1.0.1,sha1-p2o+0YVb56ASu4rBbLgPPADcKPA=,,,False
diff,intern-angular,3.2.0,5.1.0,sha1-yc45Okt8vQsFinJck98pkCeGj/k=,,,False
duplexer,intern-angular,0.1.1,0.1.2,sha1-rOb/gIwc5mtX0ev5eXessCM0z8E=,,,False
easy-extender,intern-angular,2.3.2,2.3.4,sha1-PTJI/r4rFZYHMW2PnPSRwWZIIh0=,,,False
eazy-logger,intern-angular,3.0.2,3.1.0,sha1-oyWqXlPROiIliJsqxBE7K5Y29Pw=,,,False
ecc-jsbn,intern-angular,0.1.1,0.2.0,sha1-D8c6ntXw1Tw4GTOYUj735UN3dQU=,,,False
ee-first,intern-angular,1.1.1,1.1.1,sha1-WQxhFWsK4vTwJVcyoViyZrxWsh0=,,,False
emitter-steward,intern-angular,1.0.0,1.0.0,sha1-80Ea3pdYp1Zd+Eiy2gy70bRsvWQ=,,,False
encodeurl,intern-angular,1.0.1,1.0.2,sha1-eePVhlU0aQn+bw9Fpd5oEDspTSA=,,,False
end-of-stream,intern-angular,1.4.0,1.4.4,sha1-epDYM+/abPpurA9JSduw+tOmMgY=,,,False
engine.io,intern-angular,1.8.0,6.2.0,sha1-PutfJky3XbvsG6rqJtYfWk6s4qo=,,"['debug: 2.3.3', 'ms: 0.7.2', 'ultron: 1.0.2', 'ws: 1.1.1']",True
engine.io-client,intern-angular,1.8.0,6.2.3,sha1-e3MOQSdBQIdZbZvjyI0rxf22z1w=,,"['component-emitter: 1.2.1', 'debug: 2.3.3', 'ms: 0.7.2', 'ultron: 1.0.2', 'ws: 1.1.1']",True
engine.io-parser,intern-angular,1.3.1,5.0.4,sha1-lVTxrjMQfW+9FwylRm0vgz9qB88=,,"['has-binary: 0.1.6', 'isarray: 0.0.1']",True
error-ex,intern-angular,1.3.1,1.3.2,sha1-+FWobOYa3E6GIcPNoh56dhLDqNw=,,,False
es6-promise,intern-angular,3.0.2,4.2.8,sha1-AQ1YWEI6XxGJeWZfRkhqlcbuK7Y=,,,False
escape-html,intern-angular,1.0.3,1.0.3,sha1-Aljq5NPQwJdN4cFpGI7wBR0dGYg=,,,False
escape-string-regexp,intern-angular,1.0.5,5.0.0,sha1-G2HAViGQqN/2rjuyzwIAyhMLhtQ=,,,False
esutils,intern-angular,2.0.2,2.0.3,sha1-Cr9PHKpbyx96nYrMbepPqqBLrJs=,,,False
etag,intern-angular,1.8.0,1.8.1,sha1-b2Ma7zNtbEY2K1F2QETOIWvjwFE=,,,False
eventemitter3,intern-angular,1.2.0,4.0.7,sha1-HIaZHYFq0eUEdQ5zh0Ik7PO+xQg=,,,False
expand-brackets,intern-angular,0.1.5,4.0.0,sha1-3wcoTjQqgHzXM6xa9yQR5YHRF3s=,,,False
expand-range,intern-angular,1.8.2,2.0.2,sha1-opnv/TNf4nIeuujiV+x5ZE/IUzc=,,,False
express,intern-angular,2.5.11,4.18.2,sha1-TOjqHzY15p5J8Ou0l7aksKUc5vA=,,"['connect: 1.9.2', 'mkdirp: 0.3.0', 'qs: 0.4.2']",True
extend,intern-angular,3.0.1,3.0.2,sha1-p1Xqe8Gt/MWjHOfnYtuq3F5jZEQ=,,,False
extglob,intern-angular,0.3.2,3.0.0,sha1-Lhj/PS9JqydlzskCPwEdqo2DSaE=,,,False
extsprintf,intern-angular,1.0.2,1.4.1,sha1-4QgOBljjALBilJkMxw4VAiNf1VA=,,,False
fd-slicer,intern-angular,1.0.1,1.1.0,sha1-i1vL2ewyfFBBv5qwI/1nUPEXfmU=,,,False
file-type,intern-angular,3.9.0,18.0.0,sha1-JXoHg4TR24CHvESdEH1SpSZyuek=,,,False
filename-regex,intern-angular,2.0.1,2.0.1,sha1-wcS5vuPglyXdsQa3XB4wH+LxiyY=,,,False
fill-range,intern-angular,2.2.3,7.0.1,sha1-ULd9/X5Gm8dJJHCWNpn+eoSFpyM=,,,False
finalhandler,intern-angular,0.5.0,1.2.0,sha1-6VCKvs6bbbqHGmlCodeRG5GRGsc=,,"['debug: 2.2.0', 'ms: 0.7.1']",True
find-index,intern-angular,0.1.1,1.1.1,sha1-Z101iyyjiS15Whq0cjL4tuLg3eQ=,,,False
find-up,intern-angular,1.1.2,6.3.0,sha1-ay6YIrGizgpgq2TWEOzK1TyyTQ8=,,,False
for-in,intern-angular,1.0.2,1.0.2,sha1-gQaNKVqBQuwKxybG4iAMMPttXoA=,,,False
for-own,intern-angular,0.1.5,1.0.0,sha1-UmXGgaTylNq78XyVCbZ2OqhFEM4=,,,False
forever-agent,intern-angular,0.6.1,0.6.1,sha1-+8cfDEGt6zf5bFd60e1C2P2sypE=,,,False
form-data,intern-angular,2.1.4,4.0.0,sha1-M8GDrPGTJ27KqYFDpp6Uv+4XUNE=,,,False
formatio,intern-angular,1.2.0,1.2.0,sha1-87IWfZBoxGmKjVH092CjmlTYGOs=,,,False
formidable,intern-angular,1.0.17,2.0.1,sha1-71SRSQ+UM7cF+qdyScmQKa40hVk=,,,False
fresh,intern-angular,0.3.0,0.5.2,sha1-ZR+DjiJCTnVm3hYdg1jKoZn4PU8=,,,False
fs-extra,intern-angular,3.0.1,10.1.0,sha1-N5TzeMWLNC6n27sjCVEJxLO2IpE=,,,False
fs.realpath,intern-angular,1.0.0,1.0.0,sha1-FQStJSMVjKpA20onh8sBQRmU6k8=,,,False
fsevents,intern-angular,1.1.2,2.3.2,sha512-Sn44E5wQW4bTHXvQmvSHwqbuiXtduD6Rrjm2ZtUEGbyrig+nUH3t/QD4M4/ZXViY556TBpRgZkHLDx3JxPwxiw==,,"['abbrev: 1.1.0', 'ajv: 4.11.8', 'ansi-regex: 2.1.1', 'aproba: 1.1.1', 'are-we-there-yet: 1.1.4', 'asn1: 0.2.3', 'assert-plus: 0.2.0', 'asynckit: 0.4.0', 'aws-sign2: 0.6.0', 'aws4: 1.6.0', 'balanced-match: 0.4.2', 'bcrypt-pbkdf: 1.0.1', 'block-stream: 0.0.9', 'boom: 2.10.1', 'brace-expansion: 1.1.7', 'buffer-shims: 1.0.0', 'caseless: 0.12.0', 'co: 4.6.0', 'code-point-at: 1.1.0', 'combined-stream: 1.0.5', 'concat-map: 0.0.1', 'console-control-strings: 1.1.0', 'core-util-is: 1.0.2', 'cryptiles: 2.0.5', 'dashdash: 1.14.1', 'debug: 2.6.8', 'deep-extend: 0.4.2', 'delayed-stream: 1.0.0', 'delegates: 1.0.0', 'ecc-jsbn: 0.1.1', 'extend: 3.0.1', 'extsprintf: 1.0.2', 'forever-agent: 0.6.1', 'form-data: 2.1.4', 'fs.realpath: 1.0.0', 'fstream: 1.0.11', 'fstream-ignore: 1.0.5', 'gauge: 2.7.4', 'getpass: 0.1.7', 'glob: 7.1.2', 'graceful-fs: 4.1.11', 'har-schema: 1.0.5', 'har-validator: 4.2.1', 'has-unicode: 2.0.1', 'hawk: 3.1.3', 'hoek: 2.16.3', 'http-signature: 1.1.1', 'inflight: 1.0.6', 'inherits: 2.0.3', 'ini: 1.3.4', 'is-fullwidth-code-point: 1.0.0', 'is-typedarray: 1.0.0', 'isarray: 1.0.0', 'isstream: 0.1.2', 'jodid25519: 1.0.2', 'jsbn: 0.1.1', 'json-schema: 0.2.3', 'json-stable-stringify: 1.0.1', 'json-stringify-safe: 5.0.1', 'jsonify: 0.0.0', 'jsprim: 1.4.0', 'mime-db: 1.27.0', 'mime-types: 2.1.15', 'minimatch: 3.0.4', 'minimist: 0.0.8', 'mkdirp: 0.5.1', 'ms: 2.0.0', 'node-pre-gyp: 0.6.36', 'nopt: 4.0.1', 'npmlog: 4.1.0', 'number-is-nan: 1.0.1', 'oauth-sign: 0.8.2', 'object-assign: 4.1.1', 'once: 1.4.0', 'os-homedir: 1.0.2', 'os-tmpdir: 1.0.2', 'osenv: 0.1.4', 'path-is-absolute: 1.0.1', 'performance-now: 0.2.0', 'process-nextick-args: 1.0.7', 'punycode: 1.4.1', 'qs: 6.4.0', 'rc: 1.2.1', 'readable-stream: 2.2.9', 'request: 2.81.0', 'rimraf: 2.6.1', 'safe-buffer: 5.0.1', 'semver: 5.3.0', 'set-blocking: 2.0.0', 'signal-exit: 3.0.2', 'sntp: 1.0.9', 'sshpk: 1.13.0', 'string_decoder: 1.0.1', 'string-width: 1.0.2', 'stringstream: 0.0.5', 'strip-ansi: 3.0.1', 'strip-json-comments: 2.0.1', 'tar: 2.2.1', 'tar-pack: 3.4.0', 'tough-cookie: 2.3.2', 'tunnel-agent: 0.6.0', 'tweetnacl: 0.14.5', 'uid-number: 0.0.6', 'util-deprecate: 1.0.2', 'uuid: 3.0.1', 'verror: 1.3.6', 'wide-align: 1.1.2', 'wrappy: 1.0.2']",True
generate-function,intern-angular,2.0.0,2.3.1,sha1-aFj+fAlpt9TpCTM3ZHrHn2DfvnQ=,,,False
generate-object-property,intern-angular,1.2.0,1.2.0,sha1-nA4cQDCM6AT0eDYYuTf6iPmdUNA=,,,False
get-caller-file,intern-angular,1.0.2,2.0.5,sha1-9wLmMSfn4jHBYKgMFVSstw1QR+U=,,,False
get-func-name,intern-angular,2.0.0,2.0.0,sha1-6td0q+5y4gQJQzoGY2YCPdaIekE=,,,False
get-stream,intern-angular,2.3.1,6.0.1,sha1-Xzj5PzRgCWZu4BUKBUFn+Rvdld4=,,,False
getpass,intern-angular,0.1.7,0.1.7,sha1-Xv+OPmhNVprkyysSgmBOi6YhSfo=,,['assert-plus: 1.0.0'],True
glob,intern-angular,7.1.2,8.0.3,sha512-MJTUg1kjuLeQCJ+ccE4Vpa6kKVXkPYJ2mOCQyUuKLcLQsdrMCpBPUi8qVE6+YuaJkozeA9NusTAw3hLr8Xe5EQ==,,,False
glob-base,intern-angular,0.3.0,0.3.0,sha1-27Fk9iIbHAscz4Kuoyi0l98Oo8Q=,,,False
glob-parent,intern-angular,2.0.0,6.0.2,sha1-gTg9ctsFT8zPUzbaqQLxgvbtuyg=,,,False
glob2base,intern-angular,0.0.12,0.0.12,sha1-nUGbPijxLoOjYhZKJ3BVkiycDVY=,,,False
globals,intern-angular,9.18.0,13.17.0,sha512-S0nG3CLEQiY/ILxqtztTWH/3iRRdyBLw6KMDxnKMchrtbj2OFmehVh0WUCfW3DUrIgx/qFrJPICrq4Z4sTR9UQ==,,,False
graceful-fs,intern-angular,4.1.11,4.2.10,sha1-Dovf5NHduIVNZOBOp8AOKgJuVlg=,,,False
graceful-readlink,intern-angular,1.0.1,1.0.1,sha1-TK+tdrxi8C+gObL5Tpo906ORpyU=,,,False
handlebars,intern-angular,4.0.10,4.7.7,sha1-PTDHGLCaPZbyPqTMH0A8TTup/08=,,['source-map: 0.4.4'],True
har-validator,intern-angular,2.0.6,5.1.5,sha1-zcvAgYgmWtEZtqWnyKtw7s+10n0=,,"['ansi-styles: 2.2.1', 'chalk: 1.1.3', 'commander: 2.11.0', 'has-ansi: 2.0.0', 'supports-color: 2.0.0']",True
has-ansi,intern-angular,0.1.0,5.0.1,sha1-hPJlqujA5qiKEtcCKJS3VoiUxi4=,,['ansi-regex: 0.2.1'],True
has-binary,intern-angular,0.1.7,0.1.7,sha1-aOYesWIQyVRaClzOBqhzkS/h5ow=,,['isarray: 0.0.1'],True
has-cors,intern-angular,1.1.0,1.1.0,sha1-XkdHk/fqmEPRu5nCPu9J/xJv/zk=,,,False
has-flag,intern-angular,1.0.0,5.0.1,sha1-nZ55MWXOAXoA8AQYxD+UKnsdEfo=,,,False
hawk,intern-angular,3.1.3,9.0.1,sha1-B4REvXwWQLD+VA0sm3PVlnjo4cQ=,,,False
hoek,intern-angular,2.16.3,6.1.3,sha1-ILt0A9POo5jpHcRxCo/xuCdKJe0=,,,False
hosted-git-info,intern-angular,2.5.0,6.1.1,sha512-pNgbURSuab90KbTqvRPsseaTxOJCZBD0a7t+haSN33piP9cCM4l0CqdzAif2hUqm716UovKB2ROmiabGAKVXyg==,,,False
http-errors,intern-angular,1.5.1,2.0.0,sha1-eIwNLB3iyBuebowBhDtrl+uSB1A=,,,False
http-proxy,intern-angular,1.15.2,1.18.1,sha1-ZC/cr/5S00SNK9o7AHnpQJBk2jE=,,,False
http-signature,intern-angular,1.1.1,1.3.6,sha1-33LiZwZs0Kxn+3at+OE0qPvPkb8=,,,False
ieee754,intern-angular,1.1.8,1.2.1,sha1-vjPUCsEO8ZJnAfbwii2G+/0a0+Q=,,,False
immediate,intern-angular,3.0.6,3.3.0,sha1-nbHb0Pr43m++D13V5Wu2BigN5ps=,,,False
immutable,intern-angular,3.8.1,4.1.0,sha1-IAgH8Rqw9ycQ6khVQt4IgHX2jNI=,,,False
indexof,intern-angular,0.0.1,0.0.1,sha1-gtwzbSMrkGIXnQWrMpOmYFn9Q10=,,,False
inflight,intern-angular,1.0.6,1.0.6,sha1-Sb1jMdfQLQwJvJEKEHW6gWW1bfk=,,,False
inherits,intern-angular,2.0.3,2.0.4,sha1-Yzwsg+PaQqUC9SRmAiSA9CCCYd4=,,,False
intern,intern-angular,4.0.0-alpha.9,4.10.1,sha512-87kjTCyMjqoXgH7dbSxh1P1ygNz+Tr0gw2f46fSV8i41gcXha7k7DzjQsfcV24i94QtMYnrsskEQg5dFvq6bsQ==,,['lodash: 4.17.4'],True
interpret,intern-angular,1.0.3,3.1.1,sha1-y8NcYu7uc/Gat7EKgBURQBr8D5A=,,,False
invariant,intern-angular,2.2.2,2.2.4,sha1-nh9WrArNtr8wMwbzOL47IErmA2A=,,,False
invert-kv,intern-angular,1.0.0,4.2.0,sha1-EEqOSqym09jNFXqO+L+rLXo//bY=,,,False
is-arrayish,intern-angular,0.2.1,0.3.2,sha1-d8mYQFJ6qOyxqLppe4BkWnqSap0=,,,False
is-binary-path,intern-angular,1.0.1,2.1.0,sha1-dfFmQrSA8YenEcgUFh/TpKdlWJg=,,,False
is-buffer,intern-angular,1.1.5,2.0.5,sha1-Hzsm72E7IUuIy8ojzGwB2Hlh7sw=,,,False
is-builtin-module,intern-angular,1.0.0,3.2.0,sha1-VAVy0096wxGfj3bDDLwbHgN6/74=,,,False
is-dotfile,intern-angular,1.0.3,2.0.0,sha1-pqLzL/0t+wT1yiXs0Pa4PPeYoeE=,,,False
is-equal-shallow,intern-angular,0.1.3,0.1.3,sha1-IjgJj8Ih3gvPpdnqxMRdY4qhxTQ=,,,False
is-extendable,intern-angular,0.1.1,1.0.1,sha1-YrEQ4omkcUGOPsNqYX1HLjAd/Ik=,,,False
is-extglob,intern-angular,1.0.0,2.1.1,sha1-rEaBd8SUNAWgkvyPKXYMb/xiBsA=,,,False
is-finite,intern-angular,1.0.2,2.0.0,sha1-zGZ3aVYCvlUO8R6LSqYwU0K20Ko=,,,False
is-fullwidth-code-point,intern-angular,1.0.0,4.0.0,sha1-754xOG8DGn8NZDr4L95QxFfvAMs=,,,False
is-glob,intern-angular,2.0.1,4.0.3,sha1-0Jb5JqPe1WAPP9/ZEZjLCIjC2GM=,,,False
is-my-json-valid,intern-angular,2.16.0,2.20.6,sha1-8Hndm/2uZe4gOKrorLyGqxCeNpM=,,,False
is-natural-number,intern-angular,4.0.1,4.0.1,sha1-q5124dtM7VHjXeDHLr7PCfc0zeg=,,,False
is-number,intern-angular,2.1.0,7.0.0,sha1-Afy7s5NGOlSPL0ZszhbezknbkI8=,,,False
is-number-like,intern-angular,1.0.8,1.0.8,sha512-6rZi3ezCyFcn5L71ywzz2bS5b2Igl1En3eTlZlvKjpz1n3IZLAYMbKYAIQgFmEu0GENg92ziU/faEOA/aixjbA==,,,False
is-posix-bracket,intern-angular,0.1.1,0.1.1,sha1-MzTceXdDaOkvAW5vvAqI9c1ua8Q=,,,False
is-primitive,intern-angular,2.0.0,3.0.1,sha1-IHurkWOEmcB7Kt8kCkGochADRXU=,,,False
is-property,intern-angular,1.0.2,1.0.2,sha1-V/4cTkhHTt1lsJkR8msc1Ald2oQ=,,,False
is-stream,intern-angular,1.1.0,3.0.0,sha1-EtSj3U5o4Lec6428hBc66A2RykQ=,,,False
is-typedarray,intern-angular,1.0.0,1.0.0,sha1-5HnICFjfDBsR3dppQPlgEfzaSpo=,,,False
is-utf8,intern-angular,0.2.1,0.2.1,sha1-Sw2hRCEE0bM2NA6AeX6GXPOffXI=,,,False
isarray,intern-angular,1.0.0,2.0.5,sha1-u5NdSFgsuhaMBoNJV6VKPgcSTxE=,,,False
isobject,intern-angular,2.1.0,4.0.0,sha1-8GVWEJaj8dou9GJy+BXIQNh+DIk=,,,False
isstream,intern-angular,0.1.2,0.1.2,sha1-R+Y/evVa+m+S4VAOaQ64uFKcCZo=,,,False
istanbul-lib-coverage,intern-angular,1.1.1,3.2.0,sha512-0+1vDkmzxqJIn5rcoEqapSB4DmPxE31EtI2dF2aCkV5esN9EWHxZ0dwgDClivMXJqE7zaYQxq30hj5L0nlTN5Q==,,,False
istanbul-lib-hook,intern-angular,1.0.7,3.0.0,sha512-3U2HB9y1ZV9UmFlE12Fx+nPtFqIymzrqCksrXujm3NVbAZIJg/RfYgO1XiIa0mbmxTjWpVEVlkIZJ25xVIAfkQ==,,,False
istanbul-lib-instrument,intern-angular,1.7.3,5.2.1,sha1-klsjkWPqvdaMxASPUsL6T4mez6c=,,,False
istanbul-lib-report,intern-angular,1.1.1,3.0.0,sha512-tvF+YmCmH4thnez6JFX06ujIA19WPa9YUiwjc1uALF2cv5dmE3It8b5I8Ob7FHJ70H9Y5yF+TDkVa/mcADuw1Q==,,,False
istanbul-lib-source-maps,intern-angular,1.2.1,4.0.1,sha512-mukVvSXCn9JQvdJl8wP/iPhqig0MRtuWuD4ZNKo6vB2Ik//AmhAKe3QnPN02dmkRe3lTudFk3rzoHhwU4hb94w==,,,False
istanbul-reports,intern-angular,1.1.1,3.1.5,sha512-P8G873A0kW24XRlxHVGhMJBhQ8gWAec+dae7ZxOBzxT4w+a9ATSPvRVK3LB1RAJ9S8bg2tOyWHAGW40Zd2dKfw==,,,False
js-tokens,intern-angular,3.0.2,8.0.0,sha1-mGbfOVECEw449/mWvOtlRDIJwls=,,,False
jsbn,intern-angular,0.1.1,1.1.0,sha1-peZUwuWi3rXyAdls77yoDA7y9RM=,,,False
jsesc,intern-angular,1.3.0,3.0.2,sha1-RsP+yMGJKxKwgz25vHYiF226s0s=,,,False
json-schema,intern-angular,0.2.3,0.4.0,sha1-tIDIkuWaLwWVTOcnvT8qTogvnhM=,,,False
json-stringify-safe,intern-angular,5.0.1,5.0.1,sha1-Epai1Y/UXxmg9s4B1lcB4sc1tus=,,,False
json3,intern-angular,3.3.2,3.3.3,sha1-PAQ0dD35Pi9cQq7nsZvLSDV19OE=,,,False
jsonfile,intern-angular,3.0.1,6.1.0,sha1-pezG9l9T9mLEQVx2daAzHQmS7GY=,,,False
jsonify,intern-angular,0.0.0,0.0.1,sha1-LHS27kHZPKUbe1qu6PUDYx0lKnM=,,,False
jsonpointer,intern-angular,4.0.1,5.0.1,sha1-T9kss04OnbPInIYi7PUfm5eMbLk=,,,False
jsprim,intern-angular,1.4.0,2.0.2,sha1-o7h+QCmNjDgFUtjMdiigu5WiKRg=,,['assert-plus: 1.0.0'],True
jszip,intern-angular,3.1.3,3.10.1,sha1-ipIEA7KxZRwPwSa+kBktkICVfDc=,,"['core-js: 2.3.0', 'readable-stream: 2.0.6', 'string_decoder: 0.10.31']",True
kind-of,intern-angular,3.2.2,6.0.3,sha1-MeohpzS6ubuw8yRm2JOupR5KPGQ=,,,False
lazy-cache,intern-angular,1.0.4,2.0.2,sha1-odePw6UEdMuAhF07O24dpJpEbo4=,,,False
lcid,intern-angular,1.0.0,4.0.0,sha1-MIrMr6C8SDo4Z7S28rlQYlHRuDU=,,,False
lie,intern-angular,3.1.1,3.3.0,sha1-mkNrLMd0bKWd56QfpGmz77dr2H4=,,,False
limiter,intern-angular,1.1.2,2.1.0,sha512-JIKZ0xb6fZZYa3deZ0BgXCgX6HgV8Nx3mFGeFHmFWW8Fb2c08e0CyE+G3nalpD0xGvGssjGb1UdFr+PprxZEbw==,,,False
lite-server,intern-angular,2.3.0,2.6.1,sha1-W0zI9dX9SDYQVICrKsSKOg3isMg=,,"['lodash: 4.17.4', 'minimist: 1.2.0']",True
load-json-file,intern-angular,1.1.0,7.0.1,sha1-lWkFcI1YtLq0wiYbBPWfMcmTdMA=,,,False
localtunnel,intern-angular,1.8.2,2.0.2,sha1-kTBR6DKLUfda2KIq0fXFuMWZo1k=,,"['camelcase: 1.2.1', 'debug: 2.2.0', 'ms: 0.7.1', 'yargs: 3.29.0']",True
lodash,intern-angular,3.10.1,4.17.21,sha1-W/Rejkm6QYnhfUgnid/RW9FAt7Y=,,,False
lodash.isfinite,intern-angular,3.3.2,3.3.2,sha1-+4m2WpqAKBgz8LdHizpRBPiY67M=,,,False
lolex,intern-angular,1.6.0,6.0.0,sha1-OpoCg0UqR9dDnnJzG54H1zhuSfY=,,,False
longest,intern-angular,1.0.1,2.0.1,sha1-MKCy2jj3N3DoKUoNIuZiXtd9AJc=,,,False
loose-envify,intern-angular,1.3.1,1.4.0,sha1-0aitM/qc4OcT1l/dCsi3SNR4yEg=,,,False
make-dir,intern-angular,1.0.0,3.1.0,sha1-l6ARdR6R3YfPre9Ygy67BJNt6Xg=,,,False
micromatch,intern-angular,2.3.11,4.0.5,sha1-hmd8l9FyCzY0MdBNDRUpO9OMFWU=,,,False
mime,intern-angular,1.2.4,3.0.0,sha1-EbX9rynCUJJVF2uArVIClPXekrc=,,,False
mime-db,intern-angular,1.27.0,1.52.0,sha1-gg9XIpa70g7CXtVeW13oaeVDbrE=,,,False
mime-types,intern-angular,2.1.15,2.1.35,sha1-pOv1BkCUVpI3uM9wBGd20J/JKu0=,,,False
minimatch,intern-angular,3.0.4,5.1.0,sha512-yJHVQEhyqPLUTgt9B83PXu6W3rx4MvvHvSUvToogpwoGDOUQ+yDrR0HRot+yOCdCO7u4hX3pWft6kWBBcqh0UA==,,,False
minimist,intern-angular,0.0.8,1.2.7,sha1-hX/Kv8M5fSYluCKCYuhqp6ARsF0=,,,False
mkdirp,intern-angular,0.5.1,1.0.4,sha1-MAV0OOrGz3+MR2fzhkjWaX11yQM=,,,False
moment,intern-angular,2.18.1,2.29.4,sha1-w2GT3Tzhwu7SrbfIAtu8d6gbHA8=,,,False
ms,intern-angular,2.0.0,2.1.3,sha1-VgiurfwAvmwpAd9fmGF4jeDVl8g=,,,False
nan,intern-angular,2.6.2,2.17.0,sha1-5P805slf37WuzAjeZZb0NgWn20U=,,,False
native-promise-only,intern-angular,0.8.1,0.8.1,sha1-IKMYwwy0X3H+et+/eyHJnBRy7xE=,,,False
negotiator,intern-angular,0.6.1,0.6.3,sha1-KzJxhOiZIQEXeyhWP7XnECrNDKk=,,,False
node-uuid,intern-angular,1.4.8,1.4.8,sha1-sEDrCSOWivq/jTL7HxfxFn/auQc=,,,False
nopt,intern-angular,3.0.6,7.0.0,sha1-xkZdvwirzU2zWTF/eaxopkayj/k=,,,False
normalize-package-data,intern-angular,2.4.0,5.0.0,sha512-9jjUFbTPfEy3R/ad/2oNbKtW9Hgovl5O1FvFWKkKblNXoN/Oou6+9+KKohPK13Yc3/TyunyWhJp6gvRNR/PPAw==,,,False
normalize-path,intern-angular,2.1.1,3.0.0,sha1-GrKLVW4Zg2Oowab35vogE3/mrtk=,,,False
number-is-nan,intern-angular,1.0.1,3.0.0,sha1-CXtgK1NCKlIsGvuHkDGDNpQaAR0=,,,False
oauth-sign,intern-angular,0.8.2,0.9.0,sha1-Rqarfwrq2N6unsBWV4C31O/rnUM=,,,False
object-assign,intern-angular,4.1.1,4.1.1,sha1-IQmtx5ZYh8/AXLvUQsrIv7s2CGM=,,,False
object-component,intern-angular,0.0.3,0.0.3,sha1-8MaapQ78lbhmwYb0AKM3acsvEpE=,,,False
object-path,intern-angular,0.9.2,0.11.8,sha1-D9mnT8X60a45aLWGvaXGMr1sBaU=,,,False
object.omit,intern-angular,2.0.1,3.0.0,sha1-Gpx0SCnznbuFjHbKNXmuKlTr0fo=,,,False
on-finished,intern-angular,2.3.0,2.4.1,sha1-IPEzZIGwg811M3mSoWlxqi2QaUc=,,,False
once,intern-angular,1.4.0,1.4.0,sha1-WDsap3WWHUsROsF9nFC6753Xa9E=,,,False
openurl,intern-angular,1.1.0,1.1.1,sha1-4vIYnZmcBIIyAfCD8PGnzYkDGHo=,,,False
opn,intern-angular,4.0.2,6.0.0,sha1-erwi5kTf9jsKltWrfyeQwPAavJU=,,,False
optimist,intern-angular,0.6.1,0.6.1,sha1-2j6nRob6IaGaERwybpDrFaAZZoY=,,,False
options,intern-angular,0.0.6,0.0.6,sha1-7CLTEoBrtT5zF3Pnza788cZDEo8=,,,False
os-locale,intern-angular,1.4.0,6.0.2,sha1-IPnxeuKe00XoveWDsT0gCYA8FNk=,,,False
pako,intern-angular,1.0.5,2.1.0,sha1-0iBd/ludqK95fnwWPbTR+E5GALw=,,,False
parse-glob,intern-angular,3.0.4,3.0.4,sha1-ssN2z7EfNVE7rdFz7wu246OIORw=,,,False
parse-json,intern-angular,2.2.0,6.0.2,sha1-9ID0BDTvgHQfhGkJn43qGPVaTck=,,,False
parsejson,intern-angular,0.0.3,0.0.3,sha1-q343WfIJ7OmUN5c/fQ8fZK4OZKs=,,,False
parseqs,intern-angular,0.0.5,0.0.6,sha1-1SCKNzjkZ2bikbouoXNoSSGouJ0=,,,False
parseuri,intern-angular,0.0.5,0.0.6,sha1-gCBKUNTbt3m/3G6+J3jZDkvOMgo=,,,False
parseurl,intern-angular,1.3.1,1.3.3,sha1-yKuMkiO6NIiKpkopeyiFO+wY2lY=,,,False
path-exists,intern-angular,2.1.0,5.0.0,sha1-D+tsZPD8UY2adU3V77YscCJ2H0s=,,,False
path-is-absolute,intern-angular,1.0.1,2.0.0,sha1-F0uSaHNVNP+8es5r9TpanhtcX18=,,,False
path-parse,intern-angular,1.0.5,1.0.7,sha1-PBrfhx6pzWyUMbbqK9dKD/BVxME=,,,False
path-to-regexp,intern-angular,1.7.0,6.2.1,sha1-Wf3g9DW62suhA6hOnTvGTpa5k30=,,['isarray: 0.0.1'],True
path-type,intern-angular,1.1.0,5.0.0,sha1-WcRPfuSR2nBNpBXaWkBwuk+P5EE=,,,False
pathval,intern-angular,1.1.0,1.1.1,sha1-uULm1L3mUwBe9rcTYd74cn0GReA=,,,False
pend,intern-angular,1.2.0,1.2.0,sha1-elfrVQpng/kRUzH89GY9XI4AelA=,,,False
pify,intern-angular,2.3.0,6.1.0,sha1-7RQaasBDqEnqWISY59yosVMw6Qw=,,,False
pinkie,intern-angular,2.0.4,2.0.4,sha1-clVrgM+g1IqXToDnckjoDtT3+HA=,,,False
pinkie-promise,intern-angular,2.0.1,2.0.1,sha1-ITXW36ejWMBprJsXh3YogihFD/o=,,,False
platform,intern-angular,1.3.4,1.3.6,sha1-bw+xftqqSPIUQrOpdcBjEw8cPr0=,,,False
portscanner,intern-angular,2.1.1,2.2.0,sha1-6rtAnk3iSVD1oqUW01rnaTQ/u5Y=,,,False
preserve,intern-angular,0.2.0,0.2.0,sha1-gV7R9uvGWSb4ZbMQwHE7yzMVzks=,,,False
process-nextick-args,intern-angular,1.0.7,2.0.1,sha1-FQ4gt1ZZCtP5EJPyWk8q2L/zC6M=,,,False
punycode,intern-angular,1.4.1,2.1.1,sha1-wNWmOycYgArY4esPpSachN1BhF4=,,,False
qs,intern-angular,6.2.1,6.11.0,sha1-zgPF/wk1vB2daanxTL0Y5WjWdiU=,,,False
randomatic,intern-angular,1.1.7,3.1.1,sha512-D5JUjPyJbaJDkuAazpVnSfVkLlpeO3wDlPROTMLGKG1zMFNFRgrciKo1ltz/AzNTkqE0HzDx655QOL51N06how==,,"['is-number: 3.0.0', 'kind-of: 4.0.0']",True
range-parser,intern-angular,1.2.0,1.2.1,sha1-9JvmtIeJTdxA3MlKMi9hEJLgDV4=,,,False
read-pkg,intern-angular,1.1.0,7.1.0,sha1-9f+qXs0pyzHAR0vKfXVra7KePyg=,,,False
read-pkg-up,intern-angular,1.0.1,9.1.0,sha1-nWPBMnbAZZGNV/ACpX9AobZD+wI=,,,False
readable-stream,intern-angular,2.3.3,4.2.0,sha512-m+qzzcn7KUxEmd1gMbchF+Y2eIUbieUaxkWtptyHywrX0rE8QEYqPC07Vuy4Wm32/xE16NcdBctb8S0Xe/5IeQ==,,,False
readdirp,intern-angular,2.1.0,3.6.0,sha1-TtCtBg3zBzMAxIRANz9y0cxkLXg=,,,False
rechoir,intern-angular,0.6.2,0.8.0,sha1-hSBLVNuoLVdC4oyWdW70OvUOM4Q=,,,False
regenerator-runtime,intern-angular,0.10.5,0.13.10,sha1-M2w+/BIgrc7dosn6tntaeVWjNlg=,,,False
regex-cache,intern-angular,0.4.3,0.4.4,sha1-mxpsNdTQ3871cRrmUejp09cRQUU=,,,False
remove-trailing-separator,intern-angular,1.0.2,1.1.0,sha1-abBi2XhyetFNxrVrpKt3L9jXBRE=,,,False
repeat-element,intern-angular,1.1.2,1.1.4,sha1-7wiaF40Ug7quTZPrmLT55OEdmQo=,,,False
repeat-string,intern-angular,1.6.1,1.6.1,sha1-jcrkcOHIirwtYA//Sndihtp15jc=,,,False
repeating,intern-angular,2.0.1,4.0.0,sha1-UhTFOpJtNVJwdSf7q0FdvAjQbdo=,,,False
request,intern-angular,2.78.0,2.88.2,sha1-4cjew0bhyBkjskrNszfxHeyr6cw=,,['qs: 6.3.2'],True
require-directory,intern-angular,2.1.1,2.1.1,sha1-jGStX9MNqxyXbiNE/+f3kqam30I=,,,False
require-main-filename,intern-angular,1.0.1,2.0.0,sha1-l/cXtp1IeE9fUmpsWqj/3aBVpNE=,,,False
requires-port,intern-angular,1.0.0,1.0.0,sha1-kl0mAdOaxIXgkc8NpcbmlNw9yv8=,,,False
resolve,intern-angular,1.3.3,1.22.1,sha1-ZVkHw0aahoDcLeOidaj91paR8OU=,,,False
resp-modifier,intern-angular,6.0.2,6.0.2,sha1-sSTeXE+6/LpUH0j/pzlw9KpFa08=,,,False
right-align,intern-angular,0.1.3,0.1.3,sha1-YTObci/mo1FWiSENJOFMlhSGE+8=,,,False
rimraf,intern-angular,2.6.1,3.0.2,sha1-wjOOxkPfeht/5cVPqG9XQopV8z0=,,,False
rx,intern-angular,2.3.24,4.1.0,sha1-FPlQpCF9fjXapxu8vljv9o6ksrc=,,,False
rxjs,intern-angular,5.4.2,7.5.7,sha1-KjI2/L8D31e64G/Wly/ZnlwI/Pc=,,,False
safe-buffer,intern-angular,5.1.1,5.2.1,sha512-kKvNJn6Mm93gAczWVJg7wH+wGYWNrDHdWvpUmHyEsgCtIwwo3bqPtV4tR5tuPaUhTOo/kvhVwd8XwwOllGYkbg==,,,False
samsam,intern-angular,1.2.1,1.3.0,sha1-7dOQk6MYQ3DLhZJDsr3yVefY6mc=,,,False
seek-bzip,intern-angular,1.0.5,2.0.0,sha1-z+kXyz0nS8/6x5J1ivUxc+sfq9w=,,['commander: 2.8.1'],True
semver,intern-angular,5.3.0,7.3.8,sha1-myzl094C0XxgEq0yaqa00M9U+U8=,,,False
send,intern-angular,0.15.2,0.18.0,sha1-+R+rRAO8+H5xb3DOtdsvV4vcF9Y=,,"['debug: 2.6.4', 'fresh: 0.5.0', 'http-errors: 1.6.1', 'mime: 1.3.4', 'ms: 1.0.0', 'setprototypeof: 1.0.3']",True
serve-index,intern-angular,1.8.0,1.9.1,sha1-fF2WwT+xMRAfk8HFd0+FFqHnjTs=,,"['debug: 2.2.0', 'ms: 0.7.1']",True
serve-static,intern-angular,1.12.2,1.15.0,sha1-5UbicmCBuBtLzsjpCAjrzdMjr7o=,,,False
server-destroy,intern-angular,1.0.1,1.0.1,sha1-8Tv5KOQrnD55OD5hzDmYtdFObN0=,,,False
set-blocking,intern-angular,2.0.0,2.0.0,sha1-BF+XgtARrppoA93TgrJDkrPYkPc=,,,False
set-immediate-shim,intern-angular,1.0.1,2.0.0,sha1-SysbJ+uAip+NzEgaWOXlb1mfP2E=,,,False
setprototypeof,intern-angular,1.0.2,1.2.0,sha1-gaVSFB7BBLiOic44MQOtXGZWTQg=,,,False
shell-quote,intern-angular,1.6.1,1.7.4,sha1-9HgZSczkAmlxJ0MOo7PFR29IF2c=,,,False
shelljs,intern-angular,0.7.8,0.8.5,sha1-3svPh0sNHl+3LhSxZKloMEjprLM=,,,False
sinon,intern-angular,2.3.7,14.0.2,sha1-FFFhSi6qsFu02HbBM1zUATLsUSc=,,,False
sinon-chai,intern-angular,2.11.0,3.7.0,sha512-3kbzpr2q8N+M4CWkcym349ifwkXorsbw2YyVpEIvB3AKC/ebrLHXj3DySt8epKGA49zJBSgn1OvWHZ+O+aR0dA==,,,False
sntp,intern-angular,1.0.9,3.0.2,sha1-ZUEYTMkK7qbG57NeJlkIJEPGYZg=,,,False
socket.io,intern-angular,1.6.0,4.5.3,sha1-PkDZMmN+a9kjmBslyvfFPoO24uE=,,"['debug: 2.3.3', 'ms: 0.7.2', 'object-assign: 4.1.0']",True
socket.io-adapter,intern-angular,0.5.0,2.4.0,sha1-y21LuL7IHhB4uZZ3+c7QBGBmu4s=,,"['debug: 2.3.3', 'ms: 0.7.2']",True
socket.io-client,intern-angular,1.6.0,4.5.3,sha1-W2aPT3cTBN/u0XkGRwg4b6ZxeFM=,,"['component-emitter: 1.2.1', 'debug: 2.3.3', 'ms: 0.7.2']",True
socket.io-parser,intern-angular,2.3.1,4.2.1,sha1-3VMgJRA85Clpcya+/WQAX8/ltKA=,,"['debug: 2.2.0', 'isarray: 0.0.1', 'ms: 0.7.1']",True
source-map,intern-angular,0.5.6,0.7.4,sha1-dc449SvwczxafwwRjYEzSiu19BI=,,,False
spawn-command,intern-angular,0.0.2-1,0.0.2-1,sha1-YvXpRmmBwbeW3Fkpk34RycaSG9A=,,,False
spdx-correct,intern-angular,1.0.2,3.1.1,sha1-SzBz2TP/UfORLwOsVRlJikFQ20A=,,,False
spdx-expression-parse,intern-angular,1.0.4,3.0.1,sha1-m98vIOH0DtRH++JzJmGR/O1RYmw=,,,False
spdx-license-ids,intern-angular,1.2.2,3.0.12,sha1-yd96NCRZSt5r0RkA1ZZpbcBrrFc=,,,False
sshpk,intern-angular,1.13.1,1.17.0,sha1-US322mKHFEMW3EwY/hzx2UBzm+M=,,['assert-plus: 1.0.0'],True
statuses,intern-angular,1.3.1,2.0.1,sha1-+vUbnrdKrvOzrPStX2Gr8ky3uT4=,,,False
stream-throttle,intern-angular,0.1.3,0.1.3,sha1-rdV8jXzHOoFjDTHNVdOWHPr7qcM=,,,False
string-width,intern-angular,1.0.2,5.1.2,sha1-EYvfW4zcUaKn5w0hHgfisLmxB9M=,,,False
string_decoder,intern-angular,1.0.3,1.3.0,sha512-4AH6Z5fzNNBcH+6XDMfA/BTt87skxqJlO0lAh3Dker5zThcAxG6mKz+iGu308UKoPPQ8Dcqx/4JhujzltRa+hQ==,,,False
stringstream,intern-angular,0.0.5,1.0.0,sha1-TkhM1N5aC7vuGORjB3EKioFiGHg=,,,False
strip-ansi,intern-angular,3.0.1,7.0.1,sha1-ajhfuIU9lS1f8F0Oiq+UJ43GPc8=,,,False
strip-bom,intern-angular,2.0.0,5.0.0,sha1-YhmoVhZSBJHzV4i9vxRHqZx+aw4=,,,False
strip-dirs,intern-angular,2.0.0,3.0.0,sha1-YQzbKSggDaAAT0HcuQ/JXNkZoLY=,,,False
subarg,intern-angular,1.0.0,1.0.0,sha1-9izxdYHplrSPyWVpn1TAauJouNI=,,['minimist: 1.2.0'],True
supports-color,intern-angular,3.2.3,9.2.3,sha1-ZawFBLOVQXHYpklGsq48u4pfVPY=,,,False
symbol-observable,intern-angular,1.0.4,4.0.0,sha1-Kb9hXUqnEhvdiYsi1LP5vE4qoD0=,,,False
systemjs,intern-angular,0.19.40,6.13.0,sha1-FY9kqfTvVBp/2mtA5SfuRrbFTNA=,,,False
tar-stream,intern-angular,1.5.4,2.2.0,sha1-NlSc8E7RrumyowwBQyUiONr5QBY=,,,False
text-encoding,intern-angular,0.6.4,0.7.0,sha1-45mpgiV6J22uQou5KEXLcb3CbRk=,,,False
tfunk,intern-angular,3.1.0,4.0.0,sha1-OORBT8ZJd9h6/apy+sttKfgve1s=,,"['ansi-styles: 2.2.1', 'chalk: 1.1.3', 'has-ansi: 2.0.0', 'supports-color: 2.0.0']",True
through,intern-angular,2.3.8,2.3.8,sha1-DdTJ/6q8NXlgsbckEV1+Doai4fU=,,,False
to-array,intern-angular,0.1.4,0.1.4,sha1-F+bBH3PdTz10zaek/zI46a2b+JA=,,,False
to-fast-properties,intern-angular,1.0.3,4.0.0,sha1-uDVx+k2MJbguIxsG46MFXeTKGkc=,,,False
tough-cookie,intern-angular,2.3.2,4.1.2,sha1-8IH3bkyFcg5sN6X6ztc3FQ2EByo=,,,False
tree-kill,intern-angular,1.1.0,1.2.2,sha1-yWPc8DciiS7FnLpWnpQLcZVNFyk=,,,False
trim-right,intern-angular,1.0.1,2.0.0,sha1-yy4SAwZ+DI3h9hQJS5/kVwTqYAM=,,,False
tslib,intern-angular,1.7.1,2.4.1,sha1-vIAEFkaRkjp5/oN4u+s9ogF1OOw=,,,False
tslint,intern-angular,5.5.0,6.1.3,sha1-EOjas+MGH6YelELozuOYKs8gpqo=,,['commander: 2.11.0'],True
tsutils,intern-angular,2.6.0,3.21.0,sha1-5emceaiszTl3zhjYP98dI1psLrs=,,,False
tunnel-agent,intern-angular,0.4.3,0.6.0,sha1-Y3PbdpCf5XDgjXNYM2Xtgop07us=,,,False
tweetnacl,intern-angular,0.14.5,1.0.3,sha1-WuaBd/GS1EViadEIr6k/+HQ/T2Q=,,,False
type-detect,intern-angular,4.0.3,4.0.8,sha1-Dj8mcLRAmbC0bChNE2p+9Jx0wuo=,,,False
typescript,intern-angular,2.4.1,4.8.4,sha1-w8yxbdqgsjFN4DHn5v7onlujRrw=,,,False
ua-parser-js,intern-angular,0.7.12,1.0.32,sha1-BMgamb3V3FImPqKdJMa/jUgYpLs=,,,False
uglify-js,intern-angular,2.8.29,3.17.4,sha1-KcVzMUgFe7Th913zW3qcty5qWd0=,,"['camelcase: 1.2.1', 'cliui: 2.1.0', 'window-size: 0.1.0', 'wordwrap: 0.0.2', 'yargs: 3.10.0']",True
uglify-to-browserify,intern-angular,1.0.2,2.1.0,sha1-bgkk1r2mta/jSeOabWMoUKD4grc=,,,False
ultron,intern-angular,1.1.0,1.1.1,sha1-sHoualQagV/Go0zNRTO67DB8qGQ=,,,False
unbzip2-stream,intern-angular,1.2.4,1.4.3,sha1-jITITVtMwo/B+fV3IDu9PLhgoWo=,,,False
underscore,intern-angular,1.7.0,1.13.6,sha1-a7rwh3UA02vjTsqlhODbn+8DUgk=,,,False
universalify,intern-angular,0.1.0,2.0.0,sha1-nrHEZR3rzGcMyU8adXYjMruWd3g=,,,False
unpipe,intern-angular,1.0.0,1.0.0,sha1-sr9O6FFKrmFltIF4KdIbLvSZBOw=,,,False
util-deprecate,intern-angular,1.0.2,1.0.2,sha1-RQ1Nyfpw3nMnYvvS1KKJgUGaDM8=,,,False
utils-merge,intern-angular,1.0.0,1.0.1,sha1-ApT7kiu5N1FTVBxPcJYjHyh8ivg=,,,False
validate-npm-package-license,intern-angular,3.0.1,3.0.4,sha1-KAS6vnEq0zeUWaz74kdGqywwP7w=,,,False
verror,intern-angular,1.3.6,1.10.1,sha1-z/XfEpRtKX0rqu+qJoniW+AcAFw=,,,False
weinre,intern-angular,2.0.0-pre-I0Z7U9OV,3.0.0,sha1-/viqIjkh97QLu71MPtQwL2/QqBM=,,,False
when,intern-angular,3.7.8,3.7.8,sha1-xxMLan6gRpPoQs3J56Hyqjmjn4I=,,,False
which-module,intern-angular,1.0.0,2.0.0,sha1-u6Y8qGGUiZT/MHc2CJ47lgJsKk8=,,,False
window-size,intern-angular,0.1.4,1.1.1,sha1-+OGqHuWlPsW/FR/6CXQqatdpeHY=,,,False
wordwrap,intern-angular,0.0.3,1.0.0,sha1-o9XabNXAvAAI03I0u68b7WMFkQc=,,,False
wrap-ansi,intern-angular,2.1.0,8.0.1,sha1-2Pw9KE3QV5T+hJc8rs3Rz4JP3YU=,,,False
wrappy,intern-angular,1.0.2,1.0.2,sha1-tSQ9jz7BqjXxNkYFvA0QNuMKtp8=,,,False
ws,intern-angular,2.3.1,8.11.0,sha1-a5Sz5EfLajY/eF6vlK9jWejoHIA=,,['safe-buffer: 5.0.1'],True
wtf-8,intern-angular,1.0.0,1.0.1,sha1-OS2LotDxw00e4tYw8V0O+2jhBIo=,,,False
xmlhttprequest-ssl,intern-angular,1.5.3,2.1.0,sha1-GFqIjATspGw+QHDZn3tJ3jUomS0=,,,False
xtend,intern-angular,4.0.1,4.0.2,sha1-pcbVMr5lbiPbgg77lDofBJmNY68=,,,False
y18n,intern-angular,3.2.1,5.0.8,sha1-bRX7qITAhnnA136I53WegR4H+kE=,,,False
yargs,intern-angular,3.32.0,17.6.2,sha1-AwiOnr+edWtpdRYR0qXvWRSCyZU=,,,False
yargs-parser,intern-angular,4.2.1,21.1.1,sha1-KczqwNxPA8bIe0qfIX3RjJ90hxw=,,['camelcase: 3.0.0'],True
yauzl,intern-angular,2.8.0,2.10.0,sha1-eUUK/yKyqcWkHvVOAtuQfM+/nuI=,,,False
yeast,intern-angular,0.1.2,0.1.2,sha1-AI4G2AlDIMNy28L47XagymyKxBk=,,,False
zone.js,intern-angular,0.8.12,0.12.0,sha1-hv9QU8mK7CkaC/S7rFAdaUoFz7s=,,,False
